{
  "feature_scaler": {
    "center_": [
      1.0,
      1.0,
      7.153445377479844e-05,
      0.00016875008112979929,
      0.006248706300808737,
      1.0,
      50.49921176717308,
      0.0,
      50.3703703517143,
      -1.0,
      -0.005999332732397278,
      2.9571363091954827e-05,
      5.694728389924263e-05,
      2.315011304969767e-05,
      51.83615819135981,
      51.70996693319082,
      1.0,
      51.53061224226742,
      -48.16384180722776,
      3.290876946304325,
      0.0,
      0.0021902759811406793,
      0.019475195299326818,
      0.9890439529983519,
      7.705763140245587e-06,
      0.00042315862524225833,
      0.0004424875447950056,
      0.33727272725124013,
      0.23658872076703888,
      0.24999999999329486,
      0.0,
      2.0,
      1.0,
      0.0,
      0.0,
      0.0029130124887663013,
      0.003160826770175637
    ],
    "scale_": [
      2.0,
      2.0,
      0.004476530618613911,
      0.008006715185968828,
      0.007659722246680627,
      2.0,
      25.38526243213277,
      1.0,
      43.29972692856256,
      2.0,
      0.9462864766795781,
      0.0037074950632618557,
      0.005586591049417225,
      0.002720648365398856,
      51.29915228489057,
      47.90099575805638,
      2.0,
      49.69054763711145,
      51.29915228392471,
      169.01107960337055,
      1.0,
      0.001136636792934429,
      1.026065757720325,
      0.25774593225567577,
      0.001487201465200335,
      0.0006128831210845462,
      0.0006428267863803619,
      0.4982155224227513,
      0.3009003278347377,
      0.31064752178567123,
      1.0,
      1.0,
      1.0,
      1.0,
      1.0,
      0.0037890496728767414,
      0.0038811743292846137
    ]
  },
  "target_scaler": {
    "mean": 2.105029715454053e-05,
    "std": 0.0025861622706108544
  },
  "feature_columns": [
    "MA_Cross_5_20",
    "MA_Cross_10_50",
    "Price_vs_SMA20",
    "Price_vs_SMA50",
    "Trend_Strength",
    "Scalp_Cross",
    "RSI",
    "RSI_Signal",
    "RSI_Fast",
    "MACD_Cross",
    "MACD_Histogram",
    "ROC_5",
    "ROC_10",
    "Momentum_3",
    "Stoch_K",
    "Stoch_D",
    "Stoch_Signal",
    "Stoch_Fast",
    "Williams_R",
    "CCI",
    "CCI_Signal",
    "ATR_Pct",
    "BB_Position",
    "Volatility_Ratio",
    "Body",
    "Upper_Shadow",
    "Lower_Shadow",
    "Candle_Size",
    "Upper_Wick_Ratio",
    "Lower_Wick_Ratio",
    "Engulfing",
    "Consecutive_Up",
    "Consecutive_Down",
    "Near_Resistance",
    "Near_Support",
    "Dist_From_High",
    "Dist_From_Low"
  ],
  "window_size": 20
}