{
  "feature_scaler": {
    "center_": [
      1.0,
      1.0,
      7.145646233118591e-05,
      0.0001684719130258657,
      0.006247863580443127,
      50.49842553968888,
      0.0,
      50.3735105122838,
      -1.0,
      -0.005937865182406299,
      3.0111978925512504e-05,
      5.73328799967954e-05,
      2.316110575413086e-05,
      1.0,
      0.0021901781981936604,
      0.01933570043681212,
      0.9890442910684136,
      7.713732440469094e-06,
      0.00042316885118888817,
      0.00044248271045063843
    ],
    "scale_": [
      2.0,
      2.0,
      0.004476145143936182,
      0.008005486115827196,
      0.007656179586341228,
      25.38168198832902,
      1.0,
      43.29598624086317,
      2.0,
      0.9461440511566588,
      0.003706549662535025,
      0.005586667860525429,
      0.0027208701906420675,
      2.0,
      0.0011366105918009252,
      1.0261594196803592,
      0.2577494230891999,
      0.0014872648418841,
      0.0006128962782166443,
      0.0006427819555668483
    ]
  },
  "target_scaler": {
    "mean": 8.424210071292544e-05,
    "std": 0.0051416821428138864
  },
  "feature_columns": [
    "MA_Cross_5_20",
    "MA_Cross_10_50",
    "Price_vs_SMA20",
    "Price_vs_SMA50",
    "Trend_Strength",
    "RSI",
    "RSI_Signal",
    "RSI_Fast",
    "MACD_Cross",
    "MACD_Histogram",
    "ROC_5",
    "ROC_10",
    "Momentum_3",
    "Scalp_Cross",
    "ATR_Pct",
    "BB_Position",
    "Volatility_Ratio",
    "Body",
    "Upper_Shadow",
    "Lower_Shadow"
  ],
  "window_size": 30
}